,Location,Date,Precipitation(mm)
0,Bobo-Dioulasso,1991-01-01,0.0
1,Bobo-Dioulasso,1991-02-01,40.1
2,Bobo-Dioulasso,1991-03-01,86.5
3,Bobo-Dioulasso,1991-04-01,37.9
4,Bobo-Dioulasso,1991-05-01,180.0
5,Bobo-Dioulasso,1991-06-01,146.9
6,Bobo-Dioulasso,1991-07-01,246.1
7,Bobo-Dioulasso,1991-08-01,292.9
8,Bobo-Dioulasso,1991-09-01,96.8
9,Bobo-Dioulasso,1991-10-01,70.9
10,Bobo-Dioulasso,1991-11-01,0.0
11,Bobo-Dioulasso,1991-12-01,0.0
12,Bobo-Dioulasso,1992-01-01,2.5
13,Bobo-Dioulasso,1992-02-01,0.0
14,Bobo-Dioulasso,1992-03-01,0.0
15,Bobo-Dioulasso,1992-04-01,26.0
16,Bobo-Dioulasso,1992-05-01,127.0
17,Bobo-Dioulasso,1992-06-01,258.2
18,Bobo-Dioulasso,1992-07-01,209.3
19,Bobo-Dioulasso,1992-08-01,360.1
20,Bobo-Dioulasso,1992-09-01,153.6
21,Bobo-Dioulasso,1992-10-01,58.2
22,Bobo-Dioulasso,1992-11-01,45.8
23,Bobo-Dioulasso,1992-12-01,0.0
24,Bobo-Dioulasso,1993-01-01,0.0
25,Bobo-Dioulasso,1993-02-01,0.3
26,Bobo-Dioulasso,1993-03-01,5.0
27,Bobo-Dioulasso,1993-04-01,18.5
28,Bobo-Dioulasso,1993-05-01,96.6
29,Bobo-Dioulasso,1993-06-01,109.2
30,Bobo-Dioulasso,1993-07-01,220.4
31,Bobo-Dioulasso,1993-08-01,253.4
32,Bobo-Dioulasso,1993-09-01,173.3
33,Bobo-Dioulasso,1993-10-01,57.6
34,Bobo-Dioulasso,1993-11-01,0.0
35,Bobo-Dioulasso,1993-12-01,0.0
36,Bobo-Dioulasso,1994-01-01,1.7
37,Bobo-Dioulasso,1994-02-01,0.0
38,Bobo-Dioulasso,1994-03-01,19.7
39,Bobo-Dioulasso,1994-04-01,12.6
40,Bobo-Dioulasso,1994-05-01,71.4
41,Bobo-Dioulasso,1994-06-01,104.0
42,Bobo-Dioulasso,1994-07-01,159.2
43,Bobo-Dioulasso,1994-08-01,301.0
44,Bobo-Dioulasso,1994-09-01,178.0
45,Bobo-Dioulasso,1994-10-01,109.9
46,Bobo-Dioulasso,1994-11-01,0.9
47,Bobo-Dioulasso,1994-12-01,0.0
48,Bobo-Dioulasso,1995-01-01,0.0
49,Bobo-Dioulasso,1995-02-01,0.0
50,Bobo-Dioulasso,1995-03-01,31.0
51,Bobo-Dioulasso,1995-04-01,160.4
52,Bobo-Dioulasso,1995-05-01,116.8
53,Bobo-Dioulasso,1995-06-01,215.2
54,Bobo-Dioulasso,1995-07-01,209.2
55,Bobo-Dioulasso,1995-08-01,310.7
56,Bobo-Dioulasso,1995-09-01,176.3
57,Bobo-Dioulasso,1995-10-01,32.6
58,Bobo-Dioulasso,1995-11-01,27.4
59,Bobo-Dioulasso,1995-12-01,5.2
60,Bobo-Dioulasso,1996-01-01,0.0
61,Bobo-Dioulasso,1996-02-01,3.2
62,Bobo-Dioulasso,1996-03-01,21.5
63,Bobo-Dioulasso,1996-04-01,78.2
64,Bobo-Dioulasso,1996-05-01,118.1
65,Bobo-Dioulasso,1996-06-01,126.6
66,Bobo-Dioulasso,1996-07-01,131.8
67,Bobo-Dioulasso,1996-08-01,230.1
68,Bobo-Dioulasso,1996-09-01,154.0
69,Bobo-Dioulasso,1996-10-01,35.9
70,Bobo-Dioulasso,1996-11-01,0.0
71,Bobo-Dioulasso,1996-12-01,0.0
72,Bobo-Dioulasso,1997-01-01,0.0
73,Bobo-Dioulasso,1997-02-01,0.0
74,Bobo-Dioulasso,1997-03-01,0.0
75,Bobo-Dioulasso,1997-04-01,70.4
76,Bobo-Dioulasso,1997-05-01,139.5
77,Bobo-Dioulasso,1997-06-01,143.2
78,Bobo-Dioulasso,1997-07-01,127.2
79,Bobo-Dioulasso,1997-08-01,161.5
80,Bobo-Dioulasso,1997-09-01,128.1
81,Bobo-Dioulasso,1997-10-01,97.5
82,Bobo-Dioulasso,1997-11-01,5.2
83,Bobo-Dioulasso,1997-12-01,0.0
84,Bobo-Dioulasso,1998-01-01,0.0
85,Bobo-Dioulasso,1998-02-01,0.0
86,Bobo-Dioulasso,1998-03-01,0.0
87,Bobo-Dioulasso,1998-04-01,112.3
88,Bobo-Dioulasso,1998-05-01,140.8
89,Bobo-Dioulasso,1998-06-01,56.3
90,Bobo-Dioulasso,1998-07-01,237.8
91,Bobo-Dioulasso,1998-08-01,366.5
92,Bobo-Dioulasso,1998-09-01,138.7
93,Bobo-Dioulasso,1998-10-01,62.1
94,Bobo-Dioulasso,1998-11-01,0.3
95,Bobo-Dioulasso,1998-12-01,7.6
96,Bobo-Dioulasso,1999-01-01,0.0
97,Bobo-Dioulasso,1999-02-01,0.0
98,Bobo-Dioulasso,1999-03-01,24.5
99,Bobo-Dioulasso,1999-04-01,54.6
100,Bobo-Dioulasso,1999-05-01,108.1
101,Bobo-Dioulasso,1999-06-01,99.1
102,Bobo-Dioulasso,1999-07-01,152.7
103,Bobo-Dioulasso,1999-08-01,264.1
104,Bobo-Dioulasso,1999-09-01,239.8
105,Bobo-Dioulasso,1999-10-01,119.9
106,Bobo-Dioulasso,1999-11-01,2.7
107,Bobo-Dioulasso,1999-12-01,0.0
108,Bobo-Dioulasso,2000-01-01,1.8
109,Bobo-Dioulasso,2000-02-01,0.0
110,Bobo-Dioulasso,2000-03-01,1.8
111,Bobo-Dioulasso,2000-04-01,20.4
112,Bobo-Dioulasso,2000-05-01,106.4
113,Bobo-Dioulasso,2000-06-01,208.8
114,Bobo-Dioulasso,2000-07-01,232.1
115,Bobo-Dioulasso,2000-08-01,322.6
116,Bobo-Dioulasso,2000-09-01,218.4
117,Bobo-Dioulasso,2000-10-01,59.4
118,Bobo-Dioulasso,2000-11-01,0.0
119,Bobo-Dioulasso,2000-12-01,0.0
120,Bobo-Dioulasso,2001-01-01,0.0
121,Bobo-Dioulasso,2001-02-01,0.0
122,Bobo-Dioulasso,2001-03-01,26.8
123,Bobo-Dioulasso,2001-04-01,21.6
124,Bobo-Dioulasso,2001-05-01,64.0
125,Bobo-Dioulasso,2001-06-01,130.2
126,Bobo-Dioulasso,2001-07-01,147.8
127,Bobo-Dioulasso,2001-08-01,300.8
128,Bobo-Dioulasso,2001-09-01,150.8
129,Bobo-Dioulasso,2001-10-01,76.8
130,Bobo-Dioulasso,2001-11-01,5.7
131,Bobo-Dioulasso,2001-12-01,0.0
132,Bobo-Dioulasso,2002-01-01,0.0
133,Bobo-Dioulasso,2002-02-01,0.0
134,Bobo-Dioulasso,2002-03-01,27.1
135,Bobo-Dioulasso,2002-04-01,47.6
136,Bobo-Dioulasso,2002-05-01,46.3
137,Bobo-Dioulasso,2002-06-01,72.5
138,Bobo-Dioulasso,2002-07-01,175.7
139,Bobo-Dioulasso,2002-08-01,218.7
140,Bobo-Dioulasso,2002-09-01,166.5
141,Bobo-Dioulasso,2002-10-01,53.2
142,Bobo-Dioulasso,2002-11-01,0.0
143,Bobo-Dioulasso,2002-12-01,0.0
144,Bobo-Dioulasso,2003-01-01,0.0
145,Bobo-Dioulasso,2003-02-01,0.0
146,Bobo-Dioulasso,2003-03-01,17.5
147,Bobo-Dioulasso,2003-04-01,93.9
148,Bobo-Dioulasso,2003-05-01,101.3
149,Bobo-Dioulasso,2003-06-01,107.8
150,Bobo-Dioulasso,2003-07-01,297.1
151,Bobo-Dioulasso,2003-08-01,412.3
152,Bobo-Dioulasso,2003-09-01,74.9
153,Bobo-Dioulasso,2003-10-01,50.3
154,Bobo-Dioulasso,2003-11-01,0.8
155,Bobo-Dioulasso,2003-12-01,0.0
156,Bobo-Dioulasso,2004-01-01,0.0
157,Bobo-Dioulasso,2004-02-01,0.1
158,Bobo-Dioulasso,2004-03-01,11.4
159,Bobo-Dioulasso,2004-04-01,50.5
160,Bobo-Dioulasso,2004-05-01,97.8
161,Bobo-Dioulasso,2004-06-01,98.0
162,Bobo-Dioulasso,2004-07-01,252.2
163,Bobo-Dioulasso,2004-08-01,156.3
164,Bobo-Dioulasso,2004-09-01,102.3
165,Bobo-Dioulasso,2004-10-01,45.2
166,Bobo-Dioulasso,2004-11-01,14.9
167,Bobo-Dioulasso,2004-12-01,0.0
168,Bobo-Dioulasso,2005-01-01,0.0
169,Bobo-Dioulasso,2005-02-01,5.1
170,Bobo-Dioulasso,2005-03-01,16.0
171,Bobo-Dioulasso,2005-04-01,11.1
172,Bobo-Dioulasso,2005-05-01,55.1
173,Bobo-Dioulasso,2005-06-01,156.5
174,Bobo-Dioulasso,2005-07-01,130.0
175,Bobo-Dioulasso,2005-08-01,160.8
176,Bobo-Dioulasso,2005-09-01,248.2
177,Bobo-Dioulasso,2005-10-01,34.9
178,Bobo-Dioulasso,2005-11-01,0.0
179,Bobo-Dioulasso,2005-12-01,0.0
180,Bobo-Dioulasso,2006-01-01,0.0
181,Bobo-Dioulasso,2006-02-01,0.0
182,Bobo-Dioulasso,2006-03-01,0.1
183,Bobo-Dioulasso,2006-04-01,23.8
184,Bobo-Dioulasso,2006-05-01,140.2
185,Bobo-Dioulasso,2006-06-01,154.1
186,Bobo-Dioulasso,2006-07-01,115.9
187,Bobo-Dioulasso,2006-08-01,249.9
188,Bobo-Dioulasso,2006-09-01,276.4
189,Bobo-Dioulasso,2006-10-01,144.6
190,Bobo-Dioulasso,2006-11-01,0.0
191,Bobo-Dioulasso,2006-12-01,0.0
192,Bobo-Dioulasso,2007-01-01,0.0
193,Bobo-Dioulasso,2007-02-01,0.0
194,Bobo-Dioulasso,2007-03-01,2.6
195,Bobo-Dioulasso,2007-04-01,94.1
196,Bobo-Dioulasso,2007-05-01,20.7
197,Bobo-Dioulasso,2007-06-01,133.1
198,Bobo-Dioulasso,2007-07-01,304.9
199,Bobo-Dioulasso,2007-08-01,252.3
200,Bobo-Dioulasso,2007-09-01,99.9
201,Bobo-Dioulasso,2007-10-01,26.3
202,Bobo-Dioulasso,2007-11-01,14.4
203,Bobo-Dioulasso,2007-12-01,0.0
204,Bobo-Dioulasso,2008-01-01,0.0
205,Bobo-Dioulasso,2008-02-01,0.0
206,Bobo-Dioulasso,2008-03-01,2.7
207,Bobo-Dioulasso,2008-04-01,1.2
208,Bobo-Dioulasso,2008-05-01,79.2
209,Bobo-Dioulasso,2008-06-01,84.3
210,Bobo-Dioulasso,2008-07-01,340.9
211,Bobo-Dioulasso,2008-08-01,233.7
212,Bobo-Dioulasso,2008-09-01,286.0
213,Bobo-Dioulasso,2008-10-01,49.1
214,Bobo-Dioulasso,2008-11-01,0.0
215,Bobo-Dioulasso,2008-12-01,0.0
216,Bobo-Dioulasso,2009-01-01,0.0
217,Bobo-Dioulasso,2009-02-01,0.0
218,Bobo-Dioulasso,2009-03-01,21.2
219,Bobo-Dioulasso,2009-04-01,8.1
220,Bobo-Dioulasso,2009-05-01,57.3
221,Bobo-Dioulasso,2009-06-01,183.6
222,Bobo-Dioulasso,2009-07-01,207.8
223,Bobo-Dioulasso,2009-08-01,205.1
224,Bobo-Dioulasso,2009-09-01,193.9
225,Bobo-Dioulasso,2009-10-01,132.0
226,Bobo-Dioulasso,2009-11-01,2.4
227,Bobo-Dioulasso,2009-12-01,0.0
228,Bobo-Dioulasso,2010-01-01,0.0
229,Bobo-Dioulasso,2010-02-01,0.0
230,Bobo-Dioulasso,2010-03-01,0.0
231,Bobo-Dioulasso,2010-04-01,58.9
232,Bobo-Dioulasso,2010-05-01,173.2
233,Bobo-Dioulasso,2010-06-01,78.7
234,Bobo-Dioulasso,2010-07-01,125.8
235,Bobo-Dioulasso,2010-08-01,404.7
236,Bobo-Dioulasso,2010-09-01,342.3
237,Bobo-Dioulasso,2010-10-01,66.3
238,Bobo-Dioulasso,2010-11-01,0.2
239,Bobo-Dioulasso,2010-12-01,0.0
240,Bobo-Dioulasso,2011-01-01,0.0
241,Bobo-Dioulasso,2011-02-01,0.0
242,Bobo-Dioulasso,2011-03-01,16.4
243,Bobo-Dioulasso,2011-04-01,70.2
244,Bobo-Dioulasso,2011-05-01,44.8
245,Bobo-Dioulasso,2011-06-01,110.4
246,Bobo-Dioulasso,2011-07-01,126.2
247,Bobo-Dioulasso,2011-08-01,165.4
248,Bobo-Dioulasso,2011-09-01,170.4
249,Bobo-Dioulasso,2011-10-01,71.6
250,Bobo-Dioulasso,2011-11-01,0.0
251,Bobo-Dioulasso,2011-12-01,0.0
252,Bobo-Dioulasso,2012-01-01,0.0
253,Bobo-Dioulasso,2012-02-01,0.0
254,Bobo-Dioulasso,2012-03-01,2.1
255,Bobo-Dioulasso,2012-04-01,105.0
256,Bobo-Dioulasso,2012-05-01,129.8
257,Bobo-Dioulasso,2012-06-01,48.4
258,Bobo-Dioulasso,2012-07-01,413.9
259,Bobo-Dioulasso,2012-08-01,154.1
260,Bobo-Dioulasso,2012-09-01,142.1
261,Bobo-Dioulasso,2012-10-01,74.8
262,Bobo-Dioulasso,2012-11-01,9.0
263,Bobo-Dioulasso,2012-12-01,6.1
264,Bobo-Dioulasso,2013-01-01,0.0
265,Bobo-Dioulasso,2013-02-01,1.2
266,Bobo-Dioulasso,2013-03-01,22.2
267,Bobo-Dioulasso,2013-04-01,65.2
268,Bobo-Dioulasso,2013-05-01,74.2
269,Bobo-Dioulasso,2013-06-01,83.5
270,Bobo-Dioulasso,2013-07-01,178.2
271,Bobo-Dioulasso,2013-08-01,293.9
272,Bobo-Dioulasso,2013-09-01,154.8
273,Bobo-Dioulasso,2013-10-01,63.0
274,Bobo-Dioulasso,2013-11-01,0.0
275,Bobo-Dioulasso,2013-12-01,0.0
276,Bobo-Dioulasso,2014-01-01,13.6
277,Bobo-Dioulasso,2014-02-01,0.0
278,Bobo-Dioulasso,2014-03-01,40.1
279,Bobo-Dioulasso,2014-04-01,83.0
280,Bobo-Dioulasso,2014-05-01,80.5
281,Bobo-Dioulasso,2014-06-01,255.3
282,Bobo-Dioulasso,2014-07-01,179.1
283,Bobo-Dioulasso,2014-08-01,317.1
284,Bobo-Dioulasso,2014-09-01,229.7
285,Bobo-Dioulasso,2014-10-01,58.3
286,Bobo-Dioulasso,2014-11-01,20.9
287,Bobo-Dioulasso,2014-12-01,0.7
288,Bobo-Dioulasso,2015-01-01,0.0
289,Bobo-Dioulasso,2015-02-01,0.1
290,Bobo-Dioulasso,2015-03-01,12.1
291,Bobo-Dioulasso,2015-04-01,0.0
292,Bobo-Dioulasso,2015-05-01,38.9
293,Bobo-Dioulasso,2015-06-01,94.7
294,Bobo-Dioulasso,2015-07-01,228.2
295,Bobo-Dioulasso,2015-08-01,291.8
296,Bobo-Dioulasso,2015-09-01,429.3
297,Bobo-Dioulasso,2015-10-01,64.3
298,Bobo-Dioulasso,2015-11-01,13.7
299,Bobo-Dioulasso,2015-12-01,0.0
300,Bobo-Dioulasso,2016-01-01,0.0
301,Bobo-Dioulasso,2016-02-01,0.1
302,Bobo-Dioulasso,2016-03-01,0.4
303,Bobo-Dioulasso,2016-04-01,86.0
304,Bobo-Dioulasso,2016-05-01,148.0
305,Bobo-Dioulasso,2016-06-01,171.0
306,Bobo-Dioulasso,2016-07-01,177.8
307,Bobo-Dioulasso,2016-08-01,376.4
308,Bobo-Dioulasso,2016-09-01,221.5
309,Bobo-Dioulasso,2016-10-01,7.7
310,Bobo-Dioulasso,2016-11-01,1.7
311,Bobo-Dioulasso,2016-12-01,0.0
312,Bobo-Dioulasso,2017-01-01,0.0
313,Bobo-Dioulasso,2017-02-01,0.0
314,Bobo-Dioulasso,2017-03-01,0.0
315,Bobo-Dioulasso,2017-04-01,68.9
316,Bobo-Dioulasso,2017-05-01,85.4
317,Bobo-Dioulasso,2017-06-01,122.4
318,Bobo-Dioulasso,2017-07-01,151.7
319,Bobo-Dioulasso,2017-08-01,167.3
320,Bobo-Dioulasso,2017-09-01,47.0
321,Bobo-Dioulasso,2017-10-01,39.0
322,Bobo-Dioulasso,2017-11-01,0.0
323,Bobo-Dioulasso,2017-12-01,0.0
324,Bobo-Dioulasso,2018-01-01,0.0
325,Bobo-Dioulasso,2018-02-01,0.3
326,Bobo-Dioulasso,2018-03-01,55.8
327,Bobo-Dioulasso,2018-04-01,54.4
328,Bobo-Dioulasso,2018-05-01,28.3
329,Bobo-Dioulasso,2018-06-01,189.1
330,Bobo-Dioulasso,2018-07-01,232.4
331,Bobo-Dioulasso,2018-08-01,237.5
332,Bobo-Dioulasso,2018-09-01,374.1
333,Bobo-Dioulasso,2018-10-01,142.7
334,Bobo-Dioulasso,2018-11-01,5.6
335,Bobo-Dioulasso,2018-12-01,0.0
336,Bobo-Dioulasso,2019-01-01,0.0
337,Bobo-Dioulasso,2019-02-01,0.0
338,Bobo-Dioulasso,2019-03-01,26.3
339,Bobo-Dioulasso,2019-04-01,43.9
340,Bobo-Dioulasso,2019-05-01,139.6
341,Bobo-Dioulasso,2019-06-01,119.1
342,Bobo-Dioulasso,2019-07-01,356.2
343,Bobo-Dioulasso,2019-08-01,236.7
344,Bobo-Dioulasso,2019-09-01,265.1
345,Bobo-Dioulasso,2019-10-01,179.5
346,Bobo-Dioulasso,2019-11-01,3.8
347,Bobo-Dioulasso,2019-12-01,0.0
348,Bobo-Dioulasso,2020-01-01,0.0
349,Bobo-Dioulasso,2020-02-01,0.0
350,Bobo-Dioulasso,2020-03-01,21.2
351,Bobo-Dioulasso,2020-04-01,33.7
352,Bobo-Dioulasso,2020-05-01,140.1
353,Bobo-Dioulasso,2020-06-01,117.8
354,Bobo-Dioulasso,2020-07-01,150.1
355,Bobo-Dioulasso,2020-08-01,370.9
356,Bobo-Dioulasso,2020-09-01,233.0
357,Bobo-Dioulasso,2020-10-01,64.7
358,Bobo-Dioulasso,2020-11-01,0.0
359,Bobo-Dioulasso,2020-12-01,0.0
360,Bobo-Dioulasso,2021-01-01,0.0
361,Bobo-Dioulasso,2021-02-01,2.5
362,Bobo-Dioulasso,2021-03-01,7.8
363,Bobo-Dioulasso,2021-04-01,57.6
364,Bobo-Dioulasso,2021-05-01,120.0
365,Bobo-Dioulasso,2021-06-01,119.3
366,Bobo-Dioulasso,2021-07-01,256.7
367,Bobo-Dioulasso,2021-08-01,325.3
368,Bobo-Dioulasso,2021-09-01,198.5
369,Bobo-Dioulasso,2021-10-01,91.3
370,Bobo-Dioulasso,2021-11-01,40.1
371,Bobo-Dioulasso,2021-12-01,0.0
372,Dori,1991-01-01,0.0
373,Dori,1991-02-01,0.0
374,Dori,1991-03-01,8.6
375,Dori,1991-04-01,11.1
376,Dori,1991-05-01,77.7
377,Dori,1991-06-01,83.3
378,Dori,1991-07-01,74.6
379,Dori,1991-08-01,211.5
380,Dori,1991-09-01,61.0
381,Dori,1991-10-01,0.4
382,Dori,1991-11-01,0.0
383,Dori,1991-12-01,0.0
384,Dori,1992-01-01,0.0
385,Dori,1992-02-01,0.0
386,Dori,1992-03-01,0.0
387,Dori,1992-04-01,0.0
388,Dori,1992-05-01,36.0
389,Dori,1992-06-01,84.0
390,Dori,1992-07-01,65.1
391,Dori,1992-08-01,290.7
392,Dori,1992-09-01,41.6
393,Dori,1992-10-01,4.2
394,Dori,1992-11-01,0.0
395,Dori,1992-12-01,0.0
396,Dori,1993-01-01,0.0
397,Dori,1993-02-01,0.0
398,Dori,1993-03-01,0.0
399,Dori,1993-04-01,0.9
400,Dori,1993-05-01,3.4
401,Dori,1993-06-01,59.6
402,Dori,1993-07-01,48.2
403,Dori,1993-08-01,131.9
404,Dori,1993-09-01,60.3
405,Dori,1993-10-01,15.8
406,Dori,1993-11-01,0.0
407,Dori,1993-12-01,0.0
408,Dori,1994-01-01,0.0
409,Dori,1994-02-01,0.0
410,Dori,1994-03-01,3.3
411,Dori,1994-04-01,0.0
412,Dori,1994-05-01,13.2
413,Dori,1994-06-01,41.6
414,Dori,1994-07-01,136.0
415,Dori,1994-08-01,228.3
416,Dori,1994-09-01,79.4
417,Dori,1994-10-01,39.8
418,Dori,1994-11-01,0.0
419,Dori,1994-12-01,0.0
420,Dori,1995-01-01,0.0
421,Dori,1995-02-01,0.0
422,Dori,1995-03-01,0.0
423,Dori,1995-04-01,0.6
424,Dori,1995-05-01,21.0
425,Dori,1995-06-01,58.7
426,Dori,1995-07-01,109.8
427,Dori,1995-08-01,177.8
428,Dori,1995-09-01,73.9
429,Dori,1995-10-01,12.7
430,Dori,1995-11-01,0.0
431,Dori,1995-12-01,0.0
432,Dori,1996-01-01,0.0
433,Dori,1996-02-01,0.0
434,Dori,1996-03-01,0.0
435,Dori,1996-04-01,11.0
436,Dori,1996-05-01,19.9
437,Dori,1996-06-01,58.3
438,Dori,1996-07-01,77.1
439,Dori,1996-08-01,110.4
440,Dori,1996-09-01,74.5
441,Dori,1996-10-01,2.1
442,Dori,1996-11-01,0.0
443,Dori,1996-12-01,0.0
444,Dori,1997-01-01,0.0
445,Dori,1997-02-01,0.0
446,Dori,1997-03-01,32.8
447,Dori,1997-04-01,3.4
448,Dori,1997-05-01,54.5
449,Dori,1997-06-01,19.5
450,Dori,1997-07-01,188.0
451,Dori,1997-08-01,155.2
452,Dori,1997-09-01,62.8
453,Dori,1997-10-01,16.2
454,Dori,1997-11-01,0.0
455,Dori,1997-12-01,0.0
456,Dori,1998-01-01,0.0
457,Dori,1998-02-01,0.0
458,Dori,1998-03-01,0.0
459,Dori,1998-04-01,0.0
460,Dori,1998-05-01,2.3
461,Dori,1998-06-01,67.5
462,Dori,1998-07-01,184.5
463,Dori,1998-08-01,82.7
464,Dori,1998-09-01,168.7
465,Dori,1998-10-01,2.4
466,Dori,1998-11-01,0.0
467,Dori,1998-12-01,0.0
468,Dori,1999-01-01,0.0
469,Dori,1999-02-01,0.1
471,Dori,1999-04-01,0.0
472,Dori,1999-05-01,10.3
473,Dori,1999-06-01,53.4
474,Dori,1999-07-01,220.5
475,Dori,1999-08-01,164.1
476,Dori,1999-09-01,87.5
477,Dori,1999-10-01,0.0
478,Dori,1999-11-01,0.0
479,Dori,1999-12-01,0.0
480,Dori,2000-01-01,0.0
481,Dori,2000-02-01,0.0
482,Dori,2000-03-01,0.0
483,Dori,2000-04-01,0.7
484,Dori,2000-05-01,3.6
485,Dori,2000-06-01,69.2
486,Dori,2000-07-01,86.4
487,Dori,2000-08-01,121.7
488,Dori,2000-09-01,67.5
489,Dori,2000-10-01,0.7
490,Dori,2000-11-01,0.0
491,Dori,2000-12-01,0.0
492,Dori,2001-01-01,0.0
493,Dori,2001-02-01,0.0
494,Dori,2001-03-01,0.0
495,Dori,2001-04-01,0.0
496,Dori,2001-05-01,13.5
497,Dori,2001-06-01,30.2
498,Dori,2001-07-01,108.3
499,Dori,2001-08-01,165.9
500,Dori,2001-09-01,69.0
501,Dori,2001-10-01,13.9
502,Dori,2001-11-01,0.0
503,Dori,2001-12-01,0.0
504,Dori,2002-01-01,0.0
505,Dori,2002-02-01,0.0
506,Dori,2002-03-01,0.0
507,Dori,2002-04-01,10.5
508,Dori,2002-05-01,29.3
509,Dori,2002-06-01,87.4
510,Dori,2002-07-01,105.6
511,Dori,2002-08-01,94.0
512,Dori,2002-09-01,49.2
513,Dori,2002-10-01,56.9
514,Dori,2002-11-01,0.0
515,Dori,2002-12-01,0.0
516,Dori,2003-01-01,0.0
517,Dori,2003-02-01,0.0
518,Dori,2003-03-01,0.9
519,Dori,2003-04-01,1.0
520,Dori,2003-05-01,52.8
521,Dori,2003-06-01,84.6
522,Dori,2003-07-01,213.9
523,Dori,2003-08-01,234.7
524,Dori,2003-09-01,125.3
525,Dori,2003-10-01,40.0
526,Dori,2003-11-01,0.0
527,Dori,2003-12-01,0.0
528,Dori,2004-01-01,0.0
529,Dori,2004-02-01,0.0
530,Dori,2004-03-01,0.0
531,Dori,2004-04-01,0.7
532,Dori,2004-05-01,18.2
533,Dori,2004-06-01,30.8
534,Dori,2004-07-01,117.8
535,Dori,2004-08-01,77.9
536,Dori,2004-09-01,51.8
537,Dori,2004-10-01,13.5
538,Dori,2004-11-01,0.0
539,Dori,2004-12-01,0.0
540,Dori,2005-01-01,0.0
541,Dori,2005-02-01,0.0
542,Dori,2005-03-01,3.8
543,Dori,2005-04-01,0.0
544,Dori,2005-05-01,97.0
545,Dori,2005-06-01,203.9
546,Dori,2005-07-01,124.0
547,Dori,2005-08-01,184.5
548,Dori,2005-09-01,86.8
549,Dori,2005-10-01,22.1
550,Dori,2005-11-01,0.0
551,Dori,2005-12-01,0.0
552,Dori,2006-01-01,0.0
553,Dori,2006-02-01,0.0
554,Dori,2006-03-01,0.0
555,Dori,2006-04-01,0.0
556,Dori,2006-05-01,5.8
557,Dori,2006-06-01,72.6
558,Dori,2006-07-01,80.4
559,Dori,2006-08-01,170.0
560,Dori,2006-09-01,39.0
561,Dori,2006-10-01,28.7
562,Dori,2006-11-01,0.0
563,Dori,2006-12-01,0.0
564,Dori,2007-01-01,0.0
565,Dori,2007-02-01,0.0
566,Dori,2007-03-01,0.0
567,Dori,2007-04-01,1.4
568,Dori,2007-05-01,75.1
569,Dori,2007-06-01,29.4
570,Dori,2007-07-01,148.3
571,Dori,2007-08-01,162.7
572,Dori,2007-09-01,114.1
573,Dori,2007-10-01,1.0
574,Dori,2007-11-01,0.0
575,Dori,2007-12-01,0.2
576,Dori,2008-01-01,0.0
577,Dori,2008-02-01,0.0
578,Dori,2008-03-01,0.0
579,Dori,2008-04-01,1.8
580,Dori,2008-05-01,41.3
581,Dori,2008-06-01,162.5
582,Dori,2008-07-01,105.3
583,Dori,2008-08-01,131.3
584,Dori,2008-09-01,47.9
585,Dori,2008-10-01,12.9
586,Dori,2008-11-01,0.0
587,Dori,2008-12-01,0.0
588,Dori,2009-01-01,0.0
589,Dori,2009-02-01,0.0
590,Dori,2009-03-01,0.0
591,Dori,2009-04-01,0.0
592,Dori,2009-05-01,11.5
593,Dori,2009-06-01,60.2
594,Dori,2009-07-01,52.8
595,Dori,2009-08-01,234.2
596,Dori,2009-09-01,36.6
597,Dori,2009-10-01,27.4
598,Dori,2009-11-01,0.0
599,Dori,2009-12-01,0.0
600,Dori,2010-01-01,0.0
601,Dori,2010-02-01,0.0
602,Dori,2010-03-01,0.0
603,Dori,2010-04-01,0.5
604,Dori,2010-05-01,0.0
605,Dori,2010-06-01,32.3
606,Dori,2010-07-01,134.5
607,Dori,2010-08-01,135.8
608,Dori,2010-09-01,84.2
609,Dori,2010-10-01,59.4
610,Dori,2010-11-01,0.1
611,Dori,2010-12-01,0.0
612,Dori,2011-01-01,0.0
613,Dori,2011-02-01,0.0
614,Dori,2011-03-01,0.0
615,Dori,2011-04-01,0.0
616,Dori,2011-05-01,0.2
617,Dori,2011-06-01,41.6
618,Dori,2011-07-01,148.0
619,Dori,2011-08-01,208.6
620,Dori,2011-09-01,129.0
621,Dori,2011-10-01,0.3
622,Dori,2011-11-01,0.0
623,Dori,2011-12-01,0.0
624,Dori,2012-01-01,0.0
625,Dori,2012-02-01,0.4
626,Dori,2012-03-01,0.0
627,Dori,2012-04-01,8.0
628,Dori,2012-05-01,6.6
629,Dori,2012-06-01,71.9
630,Dori,2012-07-01,159.5
631,Dori,2012-08-01,271.9
632,Dori,2012-09-01,95.6
633,Dori,2012-10-01,10.0
634,Dori,2012-11-01,0.0
635,Dori,2012-12-01,0.0
636,Dori,2013-01-01,0.0
637,Dori,2013-02-01,0.0
638,Dori,2013-03-01,0.0
639,Dori,2013-04-01,90.3
640,Dori,2013-05-01,22.9
641,Dori,2013-06-01,43.9
642,Dori,2013-07-01,101.8
643,Dori,2013-08-01,249.5
644,Dori,2013-09-01,39.3
645,Dori,2013-10-01,31.3
646,Dori,2013-11-01,0.0
647,Dori,2013-12-01,0.0
648,Dori,2014-01-01,8.7
649,Dori,2014-02-01,0.0
650,Dori,2014-03-01,0.0
651,Dori,2014-04-01,0.0
652,Dori,2014-05-01,12.2
653,Dori,2014-06-01,31.3
654,Dori,2014-07-01,115.0
655,Dori,2014-08-01,137.7
656,Dori,2014-09-01,121.9
657,Dori,2014-10-01,5.2
658,Dori,2014-11-01,0.0
659,Dori,2014-12-01,0.0
660,Dori,2015-01-01,0.0
661,Dori,2015-02-01,0.0
662,Dori,2015-03-01,27.3
663,Dori,2015-04-01,0.0
664,Dori,2015-05-01,0.0
665,Dori,2015-06-01,78.3
666,Dori,2015-07-01,133.9
667,Dori,2015-08-01,184.0
668,Dori,2015-09-01,91.4
669,Dori,2015-10-01,25.0
670,Dori,2015-11-01,0.0
671,Dori,2015-12-01,0.0
672,Dori,2016-01-01,0.0
673,Dori,2016-02-01,0.0
674,Dori,2016-03-01,0.2
675,Dori,2016-04-01,0.0
676,Dori,2016-05-01,22.6
677,Dori,2016-06-01,78.6
678,Dori,2016-07-01,147.0
679,Dori,2016-08-01,185.8
680,Dori,2016-09-01,72.7
681,Dori,2016-10-01,12.3
682,Dori,2016-11-01,0.0
683,Dori,2016-12-01,0.0
684,Dori,2017-01-01,0.0
685,Dori,2017-02-01,0.0
686,Dori,2017-03-01,0.0
687,Dori,2017-04-01,0.0
688,Dori,2017-05-01,33.0
689,Dori,2017-06-01,81.0
690,Dori,2017-07-01,193.1
691,Dori,2017-08-01,185.9
692,Dori,2017-09-01,34.6
693,Dori,2017-10-01,3.9
694,Dori,2017-11-01,0.0
695,Dori,2017-12-01,0.0
696,Dori,2018-01-01,0.0
697,Dori,2018-02-01,0.6
698,Dori,2018-03-01,0.0
699,Dori,2018-04-01,0.0
700,Dori,2018-05-01,28.2
701,Dori,2018-06-01,75.3
702,Dori,2018-07-01,139.3
703,Dori,2018-08-01,203.5
704,Dori,2018-09-01,21.1
705,Dori,2018-10-01,25.5
706,Dori,2018-11-01,0.0
707,Dori,2018-12-01,0.0
708,Dori,2019-01-01,0.0
709,Dori,2019-02-01,0.0
710,Dori,2019-03-01,0.0
711,Dori,2019-04-01,1.4
712,Dori,2019-05-01,23.5
713,Dori,2019-06-01,60.9
714,Dori,2019-07-01,89.9
715,Dori,2019-08-01,365.9
716,Dori,2019-09-01,20.8
717,Dori,2019-10-01,8.2
718,Dori,2019-11-01,0.0
719,Dori,2019-12-01,0.0
720,Dori,2020-01-01,0.0
721,Dori,2020-02-01,0.0
722,Dori,2020-03-01,0.0
723,Dori,2020-04-01,0.0
724,Dori,2020-05-01,36.8
725,Dori,2020-06-01,95.8
726,Dori,2020-07-01,229.7
727,Dori,2020-08-01,347.9
728,Dori,2020-09-01,105.9
729,Dori,2020-10-01,10.0
730,Dori,2020-11-01,0.0
731,Dori,2020-12-01,0.0
732,Dori,2021-01-01,0.0
733,Dori,2021-02-01,0.0
734,Dori,2021-03-01,0.0
735,Dori,2021-04-01,0.7
736,Dori,2021-05-01,15.8
737,Dori,2021-06-01,98.8
738,Dori,2021-07-01,166.3
739,Dori,2021-08-01,183.2
740,Dori,2021-09-01,90.3
741,Dori,2021-10-01,2.2
742,Dori,2021-11-01,0.0
743,Dori,2021-12-01,0.0
744,Ouagadougou,1991-01-01,0.0
745,Ouagadougou,1991-02-01,0.0
746,Ouagadougou,1991-03-01,0.4
747,Ouagadougou,1991-04-01,65.8
748,Ouagadougou,1991-05-01,235.3
749,Ouagadougou,1991-06-01,95.1
750,Ouagadougou,1991-07-01,158.1
751,Ouagadougou,1991-08-01,248.7
752,Ouagadougou,1991-09-01,47.9
753,Ouagadougou,1991-10-01,49.1
754,Ouagadougou,1991-11-01,0.0
755,Ouagadougou,1991-12-01,0.0
756,Ouagadougou,1992-01-01,0.0
757,Ouagadougou,1992-02-01,0.0
758,Ouagadougou,1992-03-01,0.0
759,Ouagadougou,1992-04-01,51.9
760,Ouagadougou,1992-05-01,12.9
761,Ouagadougou,1992-06-01,79.4
762,Ouagadougou,1992-07-01,246.7
763,Ouagadougou,1992-08-01,244.7
764,Ouagadougou,1992-09-01,51.0
765,Ouagadougou,1992-10-01,4.9
766,Ouagadougou,1992-11-01,7.2
767,Ouagadougou,1992-12-01,0.0
768,Ouagadougou,1993-01-01,0.0
769,Ouagadougou,1993-02-01,0.0
770,Ouagadougou,1993-03-01,9.4
771,Ouagadougou,1993-04-01,25.7
772,Ouagadougou,1993-05-01,8.4
773,Ouagadougou,1993-06-01,128.8
774,Ouagadougou,1993-07-01,226.2
775,Ouagadougou,1993-08-01,195.8
776,Ouagadougou,1993-09-01,97.8
777,Ouagadougou,1993-10-01,58.5
778,Ouagadougou,1993-11-01,0.0
779,Ouagadougou,1993-12-01,0.0
780,Ouagadougou,1994-01-01,0.0
781,Ouagadougou,1994-02-01,0.0
782,Ouagadougou,1994-03-01,1.7
783,Ouagadougou,1994-04-01,1.0
784,Ouagadougou,1994-05-01,14.2
785,Ouagadougou,1994-06-01,108.4
786,Ouagadougou,1994-07-01,130.5
787,Ouagadougou,1994-08-01,296.3
788,Ouagadougou,1994-09-01,129.7
789,Ouagadougou,1994-10-01,65.0
790,Ouagadougou,1994-11-01,0.0
791,Ouagadougou,1994-12-01,0.0
792,Ouagadougou,1995-01-01,0.0
793,Ouagadougou,1995-02-01,0.0
794,Ouagadougou,1995-03-01,0.0
795,Ouagadougou,1995-04-01,9.6
796,Ouagadougou,1995-05-01,50.5
797,Ouagadougou,1995-06-01,114.3
798,Ouagadougou,1995-07-01,118.3
799,Ouagadougou,1995-08-01,258.2
800,Ouagadougou,1995-09-01,136.0
801,Ouagadougou,1995-10-01,13.1
802,Ouagadougou,1995-11-01,0.4
803,Ouagadougou,1995-12-01,0.0
804,Ouagadougou,1996-01-01,0.0
805,Ouagadougou,1996-02-01,0.0
806,Ouagadougou,1996-03-01,0.0
807,Ouagadougou,1996-04-01,22.6
808,Ouagadougou,1996-05-01,45.8
809,Ouagadougou,1996-06-01,40.1
810,Ouagadougou,1996-07-01,129.1
811,Ouagadougou,1996-08-01,193.0
812,Ouagadougou,1996-09-01,223.9
813,Ouagadougou,1996-10-01,22.9
814,Ouagadougou,1996-11-01,0.0
815,Ouagadougou,1996-12-01,0.0
816,Ouagadougou,1997-01-01,0.0
817,Ouagadougou,1997-02-01,0.0
818,Ouagadougou,1997-03-01,49.2
819,Ouagadougou,1997-04-01,58.0
820,Ouagadougou,1997-05-01,51.6
821,Ouagadougou,1997-06-01,66.4
822,Ouagadougou,1997-07-01,111.3
823,Ouagadougou,1997-08-01,155.2
824,Ouagadougou,1997-09-01,48.0
825,Ouagadougou,1997-10-01,48.1
826,Ouagadougou,1997-11-01,0.0
827,Ouagadougou,1997-12-01,0.0
828,Ouagadougou,1998-01-01,0.0
829,Ouagadougou,1998-02-01,0.0
830,Ouagadougou,1998-03-01,0.0
831,Ouagadougou,1998-04-01,15.0
832,Ouagadougou,1998-05-01,66.3
833,Ouagadougou,1998-06-01,40.2
834,Ouagadougou,1998-07-01,103.8
835,Ouagadougou,1998-08-01,208.3
836,Ouagadougou,1998-09-01,196.3
837,Ouagadougou,1998-10-01,52.2
838,Ouagadougou,1998-11-01,0.0
839,Ouagadougou,1998-12-01,0.0
840,Ouagadougou,1999-01-01,0.0
841,Ouagadougou,1999-02-01,0.0
842,Ouagadougou,1999-03-01,0.7
843,Ouagadougou,1999-04-01,17.0
844,Ouagadougou,1999-05-01,53.9
845,Ouagadougou,1999-06-01,74.7
846,Ouagadougou,1999-07-01,240.7
847,Ouagadougou,1999-08-01,235.7
848,Ouagadougou,1999-09-01,168.6
849,Ouagadougou,1999-10-01,8.9
850,Ouagadougou,1999-11-01,0.0
851,Ouagadougou,1999-12-01,0.0
852,Ouagadougou,2000-01-01,0.0
853,Ouagadougou,2000-02-01,0.0
854,Ouagadougou,2000-03-01,0.0
855,Ouagadougou,2000-04-01,16.4
856,Ouagadougou,2000-05-01,78.7
857,Ouagadougou,2000-06-01,138.6
858,Ouagadougou,2000-07-01,152.6
859,Ouagadougou,2000-08-01,117.7
860,Ouagadougou,2000-09-01,24.3
861,Ouagadougou,2000-10-01,65.8
862,Ouagadougou,2000-11-01,0.0
863,Ouagadougou,2000-12-01,0.0
864,Ouagadougou,2001-01-01,0.0
865,Ouagadougou,2001-02-01,0.0
866,Ouagadougou,2001-03-01,0.0
867,Ouagadougou,2001-04-01,0.0
868,Ouagadougou,2001-05-01,70.9
869,Ouagadougou,2001-06-01,26.3
870,Ouagadougou,2001-07-01,183.9
871,Ouagadougou,2001-08-01,208.4
872,Ouagadougou,2001-09-01,114.5
873,Ouagadougou,2001-10-01,14.7
874,Ouagadougou,2001-11-01,0.0
875,Ouagadougou,2001-12-01,0.0
876,Ouagadougou,2002-01-01,0.0
877,Ouagadougou,2002-02-01,0.0
878,Ouagadougou,2002-03-01,0.0
879,Ouagadougou,2002-04-01,7.0
880,Ouagadougou,2002-05-01,39.8
881,Ouagadougou,2002-06-01,38.2
882,Ouagadougou,2002-07-01,169.7
883,Ouagadougou,2002-08-01,179.3
884,Ouagadougou,2002-09-01,182.8
885,Ouagadougou,2002-10-01,39.4
886,Ouagadougou,2002-11-01,0.0
887,Ouagadougou,2002-12-01,0.0
888,Ouagadougou,2003-01-01,0.0
889,Ouagadougou,2003-02-01,2.4
890,Ouagadougou,2003-03-01,21.9
891,Ouagadougou,2003-04-01,23.9
892,Ouagadougou,2003-05-01,69.1
893,Ouagadougou,2003-06-01,163.8
894,Ouagadougou,2003-07-01,181.8
895,Ouagadougou,2003-08-01,170.3
896,Ouagadougou,2003-09-01,161.3
897,Ouagadougou,2003-10-01,53.2
898,Ouagadougou,2003-11-01,0.0
899,Ouagadougou,2003-12-01,0.0
900,Ouagadougou,2004-01-01,0.0
901,Ouagadougou,2004-02-01,0.0
902,Ouagadougou,2004-03-01,0.0
903,Ouagadougou,2004-04-01,54.4
904,Ouagadougou,2004-05-01,62.8
905,Ouagadougou,2004-06-01,27.9
906,Ouagadougou,2004-07-01,245.6
907,Ouagadougou,2004-08-01,194.4
908,Ouagadougou,2004-09-01,181.1
909,Ouagadougou,2004-10-01,16.3
910,Ouagadougou,2004-11-01,9.8
911,Ouagadougou,2004-12-01,0.0
912,Ouagadougou,2005-01-01,0.0
913,Ouagadougou,2005-02-01,0.0
914,Ouagadougou,2005-03-01,0.5
915,Ouagadougou,2005-04-01,29.1
916,Ouagadougou,2005-05-01,50.2
917,Ouagadougou,2005-06-01,82.3
918,Ouagadougou,2005-07-01,250.6
919,Ouagadougou,2005-08-01,282.0
920,Ouagadougou,2005-09-01,123.3
921,Ouagadougou,2005-10-01,21.9
922,Ouagadougou,2005-11-01,0.0
923,Ouagadougou,2005-12-01,0.0
924,Ouagadougou,2006-01-01,0.0
925,Ouagadougou,2006-02-01,0.0
926,Ouagadougou,2006-03-01,0.0
927,Ouagadougou,2006-04-01,5.7
928,Ouagadougou,2006-05-01,13.3
929,Ouagadougou,2006-06-01,66.4
930,Ouagadougou,2006-07-01,168.0
931,Ouagadougou,2006-08-01,202.3
932,Ouagadougou,2006-09-01,108.8
933,Ouagadougou,2006-10-01,32.3
934,Ouagadougou,2006-11-01,0.0
935,Ouagadougou,2006-12-01,0.0
936,Ouagadougou,2007-01-01,0.0
937,Ouagadougou,2007-02-01,0.0
938,Ouagadougou,2007-03-01,0.0
939,Ouagadougou,2007-04-01,85.7
940,Ouagadougou,2007-05-01,42.7
941,Ouagadougou,2007-06-01,33.2
942,Ouagadougou,2007-07-01,114.3
943,Ouagadougou,2007-08-01,299.2
944,Ouagadougou,2007-09-01,137.7
945,Ouagadougou,2007-10-01,0.3
946,Ouagadougou,2007-11-01,0.1
947,Ouagadougou,2007-12-01,0.0
948,Ouagadougou,2008-01-01,0.0
949,Ouagadougou,2008-02-01,0.0
950,Ouagadougou,2008-03-01,4.4
951,Ouagadougou,2008-04-01,0.0
952,Ouagadougou,2008-05-01,60.9
953,Ouagadougou,2008-06-01,90.0
954,Ouagadougou,2008-07-01,247.0
955,Ouagadougou,2008-08-01,205.8
956,Ouagadougou,2008-09-01,131.3
957,Ouagadougou,2008-10-01,28.0
958,Ouagadougou,2008-11-01,0.0
959,Ouagadougou,2008-12-01,0.0
960,Ouagadougou,2009-01-01,0.0
961,Ouagadougou,2009-02-01,0.0
962,Ouagadougou,2009-03-01,0.3
963,Ouagadougou,2009-04-01,13.0
964,Ouagadougou,2009-05-01,41.7
965,Ouagadougou,2009-06-01,140.7
966,Ouagadougou,2009-07-01,168.4
967,Ouagadougou,2009-08-01,197.6
968,Ouagadougou,2009-09-01,329.6
969,Ouagadougou,2009-10-01,32.3
970,Ouagadougou,2009-11-01,0.0
971,Ouagadougou,2009-12-01,0.0
972,Ouagadougou,2010-01-01,0.0
973,Ouagadougou,2010-02-01,0.0
974,Ouagadougou,2010-03-01,0.0
975,Ouagadougou,2010-04-01,50.9
976,Ouagadougou,2010-05-01,67.6
977,Ouagadougou,2010-06-01,104.1
978,Ouagadougou,2010-07-01,235.1
979,Ouagadougou,2010-08-01,246.9
980,Ouagadougou,2010-09-01,87.2
981,Ouagadougou,2010-10-01,47.2
982,Ouagadougou,2010-11-01,0.0
983,Ouagadougou,2010-12-01,0.0
984,Ouagadougou,2011-01-01,0.0
985,Ouagadougou,2011-02-01,0.0
986,Ouagadougou,2011-03-01,0.8
987,Ouagadougou,2011-04-01,25.3
988,Ouagadougou,2011-05-01,33.9
989,Ouagadougou,2011-06-01,120.8
990,Ouagadougou,2011-07-01,223.8
991,Ouagadougou,2011-08-01,181.0
992,Ouagadougou,2011-09-01,88.1
993,Ouagadougou,2011-10-01,15.7
994,Ouagadougou,2011-11-01,0.0
995,Ouagadougou,2011-12-01,0.0
996,Ouagadougou,2012-01-01,0.0
997,Ouagadougou,2012-02-01,0.0
998,Ouagadougou,2012-03-01,0.0
999,Ouagadougou,2012-04-01,13.7
1000,Ouagadougou,2012-05-01,73.8
1001,Ouagadougou,2012-06-01,67.9
1002,Ouagadougou,2012-07-01,368.0
1003,Ouagadougou,2012-08-01,239.7
1004,Ouagadougou,2012-09-01,234.8
1005,Ouagadougou,2012-10-01,4.8
1006,Ouagadougou,2012-11-01,0.0
1007,Ouagadougou,2012-12-01,0.3
1008,Ouagadougou,2013-01-01,0.0
1009,Ouagadougou,2013-02-01,0.0
1010,Ouagadougou,2013-03-01,10.1
1011,Ouagadougou,2013-04-01,36.4
1012,Ouagadougou,2013-05-01,73.0
1013,Ouagadougou,2013-06-01,38.3
1014,Ouagadougou,2013-07-01,182.0
1015,Ouagadougou,2013-08-01,268.6
1016,Ouagadougou,2013-09-01,165.0
1017,Ouagadougou,2013-10-01,21.9
1018,Ouagadougou,2013-11-01,0.0
1019,Ouagadougou,2013-12-01,0.0
1020,Ouagadougou,2014-01-01,3.4
1021,Ouagadougou,2014-02-01,0.0
1022,Ouagadougou,2014-03-01,0.0
1023,Ouagadougou,2014-04-01,17.9
1024,Ouagadougou,2014-05-01,79.1
1025,Ouagadougou,2014-06-01,95.4
1026,Ouagadougou,2014-07-01,177.2
1027,Ouagadougou,2014-08-01,222.7
1028,Ouagadougou,2014-09-01,212.7
1029,Ouagadougou,2014-10-01,35.5
1030,Ouagadougou,2014-11-01,0.0
1031,Ouagadougou,2014-12-01,0.0
1032,Ouagadougou,2015-01-01,0.0
1033,Ouagadougou,2015-02-01,0.1
1034,Ouagadougou,2015-03-01,8.5
1035,Ouagadougou,2015-04-01,0.0
1036,Ouagadougou,2015-05-01,29.4
1037,Ouagadougou,2015-06-01,108.9
1038,Ouagadougou,2015-07-01,257.5
1039,Ouagadougou,2015-08-01,309.2
1040,Ouagadougou,2015-09-01,158.2
1041,Ouagadougou,2015-10-01,26.8
1042,Ouagadougou,2015-11-01,0.0
1043,Ouagadougou,2015-12-01,0.0
1044,Ouagadougou,2016-01-01,0.0
1045,Ouagadougou,2016-02-01,0.0
1046,Ouagadougou,2016-03-01,12.5
1047,Ouagadougou,2016-04-01,30.7
1048,Ouagadougou,2016-05-01,47.6
1049,Ouagadougou,2016-06-01,68.7
1050,Ouagadougou,2016-07-01,290.9
1051,Ouagadougou,2016-08-01,372.7
1052,Ouagadougou,2016-09-01,147.2
1053,Ouagadougou,2016-10-01,3.8
1054,Ouagadougou,2016-11-01,0.0
1055,Ouagadougou,2016-12-01,0.0
1056,Ouagadougou,2017-01-01,0.0
1057,Ouagadougou,2017-02-01,0.0
1058,Ouagadougou,2017-03-01,0.0
1059,Ouagadougou,2017-04-01,13.3
1060,Ouagadougou,2017-05-01,216.8
1061,Ouagadougou,2017-06-01,110.1
1062,Ouagadougou,2017-07-01,120.7
1063,Ouagadougou,2017-08-01,307.6
1064,Ouagadougou,2017-09-01,101.9
1065,Ouagadougou,2017-10-01,3.7
1066,Ouagadougou,2017-11-01,0.0
1067,Ouagadougou,2017-12-01,0.0
1068,Ouagadougou,2018-01-01,0.0
1069,Ouagadougou,2018-02-01,8.4
1070,Ouagadougou,2018-03-01,11.6
1071,Ouagadougou,2018-04-01,0.0
1072,Ouagadougou,2018-05-01,75.0
1073,Ouagadougou,2018-06-01,84.0
1074,Ouagadougou,2018-07-01,245.9
1075,Ouagadougou,2018-08-01,236.4
1076,Ouagadougou,2018-09-01,174.3
1077,Ouagadougou,2018-10-01,24.6
1078,Ouagadougou,2018-11-01,0.0
1079,Ouagadougou,2018-12-01,0.0
1080,Ouagadougou,2019-01-01,0.0
1081,Ouagadougou,2019-02-01,0.0
1082,Ouagadougou,2019-03-01,7.6
1083,Ouagadougou,2019-04-01,20.2
1084,Ouagadougou,2019-05-01,47.8
1085,Ouagadougou,2019-06-01,61.7
1086,Ouagadougou,2019-07-01,321.3
1087,Ouagadougou,2019-08-01,212.0
1088,Ouagadougou,2019-09-01,93.1
1089,Ouagadougou,2019-10-01,89.0
1090,Ouagadougou,2019-11-01,0.0
1091,Ouagadougou,2019-12-01,0.0
1092,Ouagadougou,2020-01-01,0.0
1093,Ouagadougou,2020-02-01,0.0
1094,Ouagadougou,2020-03-01,0.0
1095,Ouagadougou,2020-04-01,4.8
1096,Ouagadougou,2020-05-01,9.8
1097,Ouagadougou,2020-06-01,88.6
1098,Ouagadougou,2020-07-01,302.3
1099,Ouagadougou,2020-08-01,273.3
1100,Ouagadougou,2020-09-01,218.3
1101,Ouagadougou,2020-10-01,58.6
1102,Ouagadougou,2020-11-01,0.0
1103,Ouagadougou,2020-12-01,0.0
1104,Ouagadougou,2021-01-01,0.0
1105,Ouagadougou,2021-02-01,0.0
1106,Ouagadougou,2021-03-01,0.0
1107,Ouagadougou,2021-04-01,0.0
1108,Ouagadougou,2021-05-01,101.0
1109,Ouagadougou,2021-06-01,168.5
1110,Ouagadougou,2021-07-01,243.8
1111,Ouagadougou,2021-08-01,345.7
1112,Ouagadougou,2021-09-01,118.3
1113,Ouagadougou,2021-10-01,33.0
1114,Ouagadougou,2021-11-01,0.0
1115,Ouagadougou,2021-12-01,0.0
